Testcase ID,Model,ROUGE-1 Score,ROUGE-L Score,BERTScore
0,model_1,0.4827586206896552,0.4827586206896552,0.922404408454895
0,model_2,0.4864864864864865,0.37837837837837834,0.9076870679855347
0,model_3,0.16666666666666666,0.16666666666666666,0.8777965307235718
1,model_1,0.4117647058823529,0.23529411764705882,0.9127418398857117
1,model_2,0.5625,0.37499999999999994,0.9059448838233948
1,model_3,0.23076923076923078,0.15384615384615385,0.9097084403038025
2,model_1,0.6086956521739131,0.43478260869565216,0.9494068622589111
2,model_2,0.5217391304347826,0.34782608695652173,0.933043360710144
2,model_3,0.2,0.2,0.8924057483673096
